jaspar_id,jaspar_name,correlation
MA0872.1,TFAP2A,0.8690346210377862
MA0815.1,TFAP2C,0.8626633307892789
MA0737.1,GLIS3,0.8542092599477306
MA0736.1,GLIS2,0.8530275336648548
MA1584.2,ZIC5,0.8509759765712323
MA0735.2,GLIS1,0.847504069742628
MA1987.2,ZNF701,0.846137144166749
MA1976.2,ZNF320,0.8442146385363921
MA0696.1,ZIC1,0.8423941577646232
MA0813.1,TFAP2B,0.8400558780324232
MA0753.3,ZNF740,0.8391730683455559
MA0751.2,ZIC4,0.829746113833058
MA1578.2,VEZF1,0.8265780643583597
MA0597.3,THAP1,0.817072941455418
MA0163.1,PLAG1,0.8123908273777023
MA1961.2,PATZ1,0.81228921750307
MA0810.2,TFAP2A,0.8122210541330515
MA1723.2,PRDM9,0.8071431593245848
MA0747.2,SP8,0.8042774618141064
MA0471.3,E2F6,0.7982318890203874
MA1712.2,ZNF454,0.7965170723169154
MA1653.2,ZNF148,0.7963904745138932
MA1122.2,TFDP1,0.7870931988339369
MA1630.3,ZNF281,0.7860221475838165
MA1597.1,ZNF528,0.7832706569986487
MA1522.2,MAZ,0.7827189011740024
MA1514.2,KLF17,0.775808312803037
MA1981.2,ZNF530,0.7706592517544666
MA0516.3,SP2,0.7697964023533597
MA0758.1,E2F7,0.7676311375704701
MA0742.2,KLF12,0.7665079964648127
MA0811.2,TFAP2B,0.7660532859426503
MA0657.2,KLF13,0.7656431800787685
MA1149.2,RARA::RXRG,0.7653275294031036
MA0524.3,TFAP2C,0.7642398004625468
MA1513.2,KLF15,0.7641540194358948
MA0685.2,SP4,0.7627106040600079
MA1654.2,ZNF16,0.7623734285526218
MA1102.3,CTCFL,0.7591432418614604
MA2328.1,ZBED4,0.7564487287610708
MA1722.2,ZSCAN31,0.753336608980196
MA0079.5,SP1,0.7515747421219202
MA0865.3,E2F8,0.7480546143434985
MA1511.2,KLF10,0.7436795588803953
MA0493.3,KLF1,0.7361168341366489
MA0740.2,KLF14,0.7282955935909611
MA0599.1,KLF5,0.7276735563406699
MA1929.2,CTCF,0.7224939416840466
MA0733.2,EGR4,0.7218332210732838
MA1627.2,Wt1,0.7209168850403367
MA0155.1,INSM1,0.7197422476856072
MA1959.2,KLF7,0.7064650147375978
MA1930.2,CTCF,0.7030537586466103
MA1637.2,EBF3,0.7020253614161469
MA0139.2,CTCF,0.69877902779405
MA0631.2,Six3,0.6963314462735597
MA0162.5,EGR1,0.6917076447027729
MA0732.2,EGR3,0.6914268911823285
MA2122.1,Ebf4,0.6888903389096417
MA1600.2,ZNF684,0.6877853314148257
MA1604.2,Ebf2,0.6874365959373258
MA1569.2,TFAP2E,0.6864547104435447
MA0154.5,EBF1,0.6824091752431536
MA0146.3,Zfx,0.6754368349848955
MA1719.2,ZNF816,0.6686565342298659
MA0073.2,RREB1,0.6678232031033475
MA1596.1,ZNF460,0.6655947918826967
MA1714.2,ZNF675,0.6642967318109068
MA1154.2,ZNF282,0.6638872247684536
MA0039.5,KLF4,0.6629038294136729
MA1711.2,ZNF343,0.6561536409624826
MA0694.2,ZBTB7B,0.6502714223352093
MA0741.1,KLF16,0.649295190935468
MA0860.1,Rarg,0.6472159363209253
MA1715.1,ZNF707,0.6414359491634064
MA0883.2,Dmbx1,0.6360190421578846
MA1548.2,PLAGL2,0.6346345488565852
MA2125.1,Zfp809,0.634488453213585
MA0159.1,RARA::RXRA,0.6276242588035782
MA1965.2,SP5,0.6252996663278402
MA0767.2,GCM2,0.622010294694774
MA0528.3,ZNF263,0.6201113780362391
MA1587.1,ZNF135,0.6136678303829316
MA1564.2,SP9,0.6123586753851774
MA1710.2,ZNF257,0.609744576365021
MA0081.3,SPIB,0.6067774833469594
MA1575.2,THRB,0.6050143699755595
MA1491.3,GLI3,0.6006654469503339
MA0472.2,EGR2,0.6001340481253091
MA2341.1,FEZF2,0.5963291878356255
MA1650.2,ZBTB14,0.5900441119814426
MA1515.2,KLF2,0.5850576636014314
MA1972.1,ZFP14,0.5771033097256787
MA0734.4,Gli2,0.5770729793384111
MA0646.2,GCM1,0.575837968318283
MA0149.1,EWSR1-FLI1,0.574745634481367
MA1512.2,KLF11,0.5732250502361189
MA0116.1,Znf423,0.5715847481671805
MA0746.3,SP3,0.5714127834416897
MA1516.2,KLF3,0.5708285941616287
MA0105.4,NFKB1,0.5674215234990576
MA0595.1,SREBF1,0.5658739631873358
MA2121.1,ZNF213,0.5655102749979596
MA1576.2,THRB,0.5651710178962522
MA1990.2,Gli1,0.563797585770833
MA0730.1,RARA,0.562018508739434
MA0074.1,RXRA::VDR,0.5616917184057673
MA2097.1,ZNF75A,0.561344773272944
MA1945.2,ETV5::FIGLA,0.5577528934255572
MA1716.2,ZNF76,0.556679263671867
MA1973.2,ZKSCAN3,0.5527991838042701
MA0504.2,NR2C2,0.5520009742037487
MA0106.3,TP53,0.5512902622440697
MA1977.2,ZNF324,0.5510117606538145
MA1148.2,PPARA::RXRA,0.550434848303702
MA1731.2,ZNF768,0.5489362672314224
MA1980.1,ZNF418,0.5486202844567043
MA1999.2,Prdm5,0.5476640203280936
MA1982.2,ZNF574,0.5402099734724881
MA0494.2,Nr1h3::Rxra,0.5398846663316423
MA2330.1,ZBTB24,0.5381836188033996
MA1631.2,ASCL1,0.5349949016367869
MA0088.2,ZNF143,0.5348917161380352
MA1656.2,ZNF449,0.5279355744589052
MA1713.2,ZNF610,0.5261590443573981
MA0812.2,TFAP2B,0.5255111966806831
MA0066.2,PPARG,0.5241681109870553
MA0687.2,SPIC,0.5235768146965858
MA0080.7,Spi1,0.5222237567258392
MA1985.1,ZNF669,0.5209155814530899
MA1517.2,KLF6,0.5188635677324701
MA0138.3,REST,0.5169096207772867
MA0071.1,RORA,0.5116315345210568
MA1594.1,ZNF382,0.5103846215438712
MA0596.1,SREBF2,0.50826286185698
MA1615.2,Plagl1,0.5028824434311014
MA1979.2,ZNF416,0.49853839812858813
MA1150.2,RORB,0.4970867193114457
MA1935.2,ERF::FOXI1,0.4951755283629587
MA1483.3,ELF2,0.49476036820704855
MA0065.3,Pparg::Rxra,0.49347270068165444
MA0003.5,TFAP2A,0.4894192210386837
MA1418.2,IRF3,0.4881343334576455
MA1628.2,Zic1::Zic2,0.486274948188253
MA0858.1,Rarb,0.4837784087503846
MA0697.3,Zic3,0.4831277164399895
MA0695.2,ZBTB7C,0.483060217200493
MA1969.2,THRA,0.4824597415932327
MA1629.2,Zic2,0.48181013051102023
MA1531.2,NR1D1,0.47684573655655527
MA1589.2,ZNF140,0.4767287189793796
MA0814.3,TFAP2C,0.47660130893737856
MA0144.3,STAT3,0.47583598645830116
MA0643.2,Esrrg,0.4744388696612196
MA1957.1,HOXB2::ELK1,0.47320554106027873
MA1533.2,NR1I2,0.4704738934147938
MA0641.1,ELF4,0.46667191779287986
MA1151.2,RORC,0.466394454216542
MA1574.2,THRB,0.46504630259519036
MA1721.2,ZNF93,0.46293445629212443
MA0062.4,GABPA,0.4620737151624053
MA1648.2,TCF12,0.4612095210771284
MA0518.2,Stat4,0.46093442489277564
MA0527.2,ZBTB33,0.4608135885817332
MA1726.2,ZNF331,0.46077607892016703
MA1532.2,NR1D2,0.4597118071963472
MA0474.4,Erg,0.4587621043491275
MA1947.2,ETV5::FOXO1,0.45675022220718836
MA2340.1,Zbtb2,0.4544623541871407
MA0764.4,ETV4,0.453849843267866
MA0761.3,ETV1,0.4534034236780317
MA0056.3,MZF1,0.45262579232618166
MA0686.2,SPDEF,0.4496632443284337
MA1155.1,ZSCAN4,0.44801047183632225
MA1938.2,ERF::NHLH1,0.44792953517628076
MA0830.3,TCF4,0.4444221741049588
MA2332.1,ZNF175,0.4439816378299956
MA1107.3,KLF9,0.44364018212836415
MA0098.4,ETS1,0.443114536463917
MA1932.2,ELK1::HOXB13,0.4423624227148841
MA0522.4,TCF3,0.4419200974285511
MA0759.3,ELK3,0.44015671851244503
MA0017.3,NR2F1,0.4395234397162808
MA1949.2,FLI1::DRGX,0.43937563280469727
MA1508.2,IKZF1,0.4388521714307781
MA2099.1,ZNF770,0.4385132778375885
MA1933.2,ELK1::SREBF2,0.43722558577032006
MA1616.2,Prdm15,0.436508843697688
MA1537.2,NR2F1,0.4364306558679776
MA1967.2,TFAP4::FLI1,0.4357728418840421
MA0592.4,ESRRA,0.43514753132615236
MA1645.2,NKX2-2,0.4329742244726148
MA1652.2,ZKSCAN5,0.43175623924673723
MA0137.4,STAT1,0.42956305337791667
MA0677.2,Nr2f6,0.4286487325063302
MA1950.2,FLI1::FOXI1,0.4285468126294695
MA0463.3,BCL6,0.4284858775392398
MA1942.2,ETV2::FOXI1,0.42778093102635867
MA1484.2,ETS2,0.4275329918969791
MA1946.2,ETV5::FOXI1,0.4256196509901091
MA1936.2,ERF::FOXO1,0.4255443504172117
MA1573.2,Thap11,0.42550213250193825
MA1954.2,FOXO1::ELK1,0.4251279806263281
MA0760.2,ERF,0.4249620964065681
MA0104.5,MYCN,0.4247870226396506
MA0059.2,MAX::MYC,0.4244931806285183
MA0839.2,CREB3L1,0.4234191758338778
MA1952.2,FOXJ2::ELF1,0.4226168781181441
MA2003.2,NKX2-4,0.42000417007993446
MA0863.1,MTF1,0.41952642652205435
MA0147.4,MYC,0.41903920789427007
MA0145.2,Tfcp2l1,0.4185636013458885
MA0028.3,ELK1,0.4177400234186703
MA1931.1,ELK1::HOXA1,0.41766599851461494
MA0765.4,ETV5,0.4139412580631951
MA1550.2,PPARD,0.41305484715892277
MA0728.1,Nr2F6,0.4129142007131357
MA0475.3,FLI1,0.41283799979536556
MA0499.3,MYOD1,0.41189795182259853
MA0632.3,TCFL5,0.41146188170379205
MA1559.2,SNAI3,0.4110037714506561
MA1986.2,ZNF692,0.41076915790989765
MA0748.3,YY2,0.41063279813268155
MA1955.2,FOXO1::ELK3,0.409764436535186
MA1109.2,NEUROD1,0.40972155054880915
MA0762.2,ETV2,0.4081980582350605
MA1558.2,SNAI1,0.40787420910285205
MA0141.4,ESRRB,0.4062243549144382
MA1466.2,ATF6,0.40570928341121143
MA0067.3,PAX2,0.40508836745960175
MA1953.2,FOXO1::ELF1,0.4047493094889331
MA0156.4,FEV,0.40437577338148917
MA0690.3,TBX21,0.4029329838590748
MA0668.3,Neurod2,0.40245774923908056
MA1724.2,Rfx6,0.40236438441271566
MA0115.1,NR1H2::RXRA,0.4020891279682975
MA0855.1,RXRB,0.4018721192991013
MA0038.3,GFI1,0.40162542676327656
MA2002.2,Zfp335,0.40003947082652663
MA0140.3,GATA1::TAL1,0.3978799333963727
MA0739.2,Hic1,0.3975457123901107
MA0512.2,Rxra,0.39676455134108135
MA0470.3,E2F4,0.3961465437750671
MA0856.1,RXRG,0.3934939367503589
MA0506.3,Nrf1,0.3923717533178019
MA0763.2,ETV3,0.38995861716196145
MA0799.3,RFX4,0.3883251002762574
MA1494.2,HNF4A,0.38800052430876303
MA1956.2,FOXO1::FLI1,0.3878003782015926
MA0745.3,SNAI2,0.3863635244574732
MA2100.1,ZSCAN16,0.3829470748518214
MA1651.2,ZFP42,0.3817013105441756
MA0072.2,RORA,0.38160612968849295
MA1540.3,NR5A1,0.3815409655335181
MA0752.2,ZNF410,0.38001423892850905
MA1585.2,ZKSCAN1,0.3781477659167422
MA1643.2,NFIB,0.37721833659222254
MA1717.2,ZNF784,0.37700268887173427
MA0505.3,Nr5A2,0.37688771819288747
MA1474.2,CREB3L4,0.3761940964239689
MA0857.1,Rarb,0.3755179414962078
MA2120.1,ZNF184,0.375078668422119
MA1099.3,HES1,0.37424798545432386
MA2126.1,Zfp961,0.3740291002472078
MA1527.2,NFIC,0.3733767700332543
MA0511.2,RUNX2,0.37218599330939317
MA0864.3,E2F2,0.3718187588423098
MA1565.2,TBX18,0.3695409727361269
MA1583.2,ZFP57,0.36921966158175124
MA1528.2,NFIX,0.36883761873908855
MA1642.2,NEUROG2,0.36848841282769274
MA1545.2,OVOL2,0.3684174283451748
MA1105.3,GRHL2,0.368382189863295
MA1114.2,PBX3,0.36505424642975454
MA1467.3,Atoh1,0.36477106829079803
MA0783.1,PKNOX2,0.36459099774756204
MA0119.1,NFIC::TLX1,0.3638728155299414
MA2094.1,PAX8,0.36280708564534464
MA0768.3,Lef1,0.3621114270704273
MA0095.4,Yy1,0.36150658200328195
MA1625.2,Stat5b,0.36125172055453036
MA0729.1,RARA,0.361138078377605
MA0103.4,ZEB1,0.36071690969747217
MA0483.2,Gfi1B,0.35966790358740997
MA1567.3,Tbx6,0.3586018422955023
MA0750.3,ZBTB7A,0.35854829559595186
MA1620.2,Ptf1A,0.35798075945719615
MA1546.2,PAX3,0.357804741576827
MA0673.2,NKX2-8,0.3573448636718699
MA2329.1,ZBTB11,0.3559866394254386
MA1601.2,ZNF75D,0.3554222086812134
MA0859.2,Rarg,0.3529998950829575
MA1728.2,ZNF549,0.35231277512404086
MA0689.1,TBX20,0.35105334441676456
MA1529.2,NHLH2,0.34844295111064494
MA1968.2,TFCP2,0.3474757914863867
MA0744.3,SCRT2,0.3457790964391859
MA0024.3,E2F1,0.3438914047847983
MA0803.1,TBX15,0.34321544769534906
MA1992.2,Ikzf3,0.343158423181269
MA0520.2,Stat6,0.34271433065580037
MA0743.3,SCRT1,0.34109887678492584
MA0684.3,RUNX3,0.3403992689912652
MA0510.3,RFX5,0.3395977509220112
MA0647.2,GRHL1,0.3395676852911319
MA0798.3,RFX3,0.33636975926485224
MA0820.2,FIGLA,0.3362841732142759
MA0509.3,RFX1,0.3351424686978977
MA0638.2,CREB3,0.3346971950685844
MA1718.1,ZNF8,0.33430206599356416
MA1421.1,TCF7L1,0.3342424492103308
MA1991.2,Hnf1A,0.33330675780380153
MA0616.3,HES2,0.3328516831139896
MA1524.3,Msgn1,0.33278007570067913
MA0519.2,Stat5a::Stat5b,0.3314195641274659
MA0800.2,EOMES,0.33095903208026617
MA0608.1,Creb3l2,0.3284906502269218
MA0258.2,ESR2,0.32768013949605834
MA0731.1,BCL6B,0.3262014201568756
MA0805.1,TBX1,0.32390058967218766
MA0821.2,HES5,0.3233971514015908
MA0844.2,XBP1,0.323034487781907
MA1941.2,ETV2::FIGLA,0.32233851851404016
MA0473.4,ELF1,0.3214612871963616
MA0801.1,MGA,0.3209172542932349
MA0002.3,Runx1,0.32000301261018743
MA0781.2,PAX9,0.3183286070497486
MA0600.3,RFX2,0.31710248841441296
MA0779.2,PAX1,0.3147947298474826
MA0007.4,Ar,0.31296013864960365
MA0591.2,Bach1::Mafk,0.31251056875540056
MA0829.3,SREBF1,0.31236304924602604
MA0672.2,NKX2-3,0.31177991839777003
MA0089.3,MAFG::NFE2L1,0.3115180614050405
MA0823.1,HEY1,0.3110123026134084
MA1493.1,HES6,0.3106138087856563
MA2331.1,ZNF157,0.309342740423601
MA1978.2,ZNF354A,0.3093380053307828
MA0136.4,Elf5,0.30630519276103674
MA0778.2,NFKB2,0.3055024911892172
MA0807.1,TBX5,0.3052957515886627
MA1566.3,TBX3,0.304588473130513
MA0794.1,PROX1,0.30432069184741184
MA0496.4,MAFK,0.30366748373022867
MA0160.3,NR4A2,0.3034776311070473
MA0124.3,Nkx3-1,0.30322422212970535
MA0802.2,TBR1,0.30298868136048807
MA1544.2,OVOL1,0.30257150810496014
MA0112.4,ESR1,0.3023974851019347
MA1994.2,Nkx2-1,0.30208785067886423
MA0603.2,Arntl,0.3018149227130155
MA1117.2,RELB,0.3004628845973425
MA0501.2,MAF::NFE2,0.30023432410025236
MA1964.2,SMAD2,0.30000689015096915
MA1944.2,ETV5::DRGX,0.29975280230089174
MA0048.3,NHLH1,0.29944485867418513
MA0659.4,Mafg,0.29871476038652794
MA0777.1,MYBL2,0.2980543876203909
MA1684.1,Foxn1,0.2979250965653049
MA1948.2,ETV5::HOXA2,0.2978566556675761
MA0004.1,Arnt,0.29749794658704876
MA0069.1,PAX6,0.296152480988016
MA0749.2,ZBED1,0.29590864530654015
MA0150.3,Nfe2l2,0.2957537209365241
MA2123.1,Hand1,0.29494977127967936
MA0131.3,HINFP,0.29420909926683225
MA1112.3,NR4A1,0.2932234883578486
MA0525.2,TP63,0.29312549929781606
MA0649.2,HEY2,0.2917587023793954
MA0014.4,PAX5,0.29095211796975234
MA0051.2,IRF2,0.29069853290792486
MA0464.3,BHLHE40,0.29053292023972266
MA1541.2,NR6A1,0.2903502365657006
MA0626.2,Npas2,0.2890492603021337
MA0664.2,MLXIPL,0.28747616191495623
MA1464.2,ARNT2,0.2865831839021859
MA0663.1,MLX,0.28621984167333814
MA0828.3,SREBF2,0.2854424740879475
MA1560.2,SOHLH2,0.28536863717428396
MA1958.2,HOXD12::ELK1,0.28520342143904853
MA0636.1,BHLHE41,0.28497590323516536
MA0060.4,NFYA,0.28487172224515306
MA0871.3,TFEC,0.28419210096114755
MA0774.1,MEIS2,0.28410591710594174
MA1644.2,NFYC,0.28354136288397064
MA0822.1,HES7,0.2833378883003165
MA0622.2,Mlxip,0.28243951524544114
MA1934.2,ERF::FIGLA,0.2822993456048682
MA0526.5,USF2,0.28224613998296927
MA1939.2,ERF::SREBF2,0.28201725525878835
MA0640.3,ELF3,0.2818567779165863
MA0058.4,MAX,0.28125310847717366
MA0825.2,MNT,0.2798273350780584
MA0152.3,Nfatc2,0.2795909770380872
MA1960.2,MGA::EVX1,0.2784019176521811
MA0083.3,SRF,0.27804926085782167
MA0078.3,Sox17,0.2776045589940542
MA0076.3,ELK4,0.2772068448090638
MA1966.2,TFAP4::ETV1,0.27577575651627567
MA0469.4,E2F3,0.27568983992437823
MA0831.3,TFE3,0.27531593783710917
MA1592.2,ZNF274,0.27258839332374024
MA0092.2,Hand1::Tcf3,0.2717595459070768
MA0692.2,TFEB,0.27154681084650284
MA0091.2,TAL1::TCF3,0.27050862282314275
MA1989.2,Bcl11B,0.2702400462572183
MA0645.2,ETV6,0.2693062694946122
MA0130.1,ZNF354C,0.26906242824733373
MA0063.3,NKX2-5,0.268913376562488
MA0806.1,TBX4,0.2670885027078918
MA0598.4,EHF,0.2660256379793451
MA1646.2,OSR2,0.2656780765792697
MA1983.2,ZNF582,0.26466179440152626
MA0122.4,Nkx3-2,0.26361933256573716
MA2095.1,Sox7,0.2635333369346623
MA0087.3,Sox5,0.2635243886169986
MA2326.1,IKZF2,0.26347411569115964
MA0819.3,CLOCK,0.2631128072786452
MA0782.3,PKNOX1,0.25999954417290955
MA1984.2,ZNF667,0.25965521059932173
MA0515.1,Sox6,0.25918491885319084
MA0009.2,TBXT,0.2585641674238467
MA1708.2,ETV7,0.25743385663933904
MA1599.2,ZNF682,0.2569442391785226
MA0804.2,TBX19,0.2563317546663346
MA0502.3,NFYB,0.25413962918892524
MA0816.1,Ascl2,0.25352910506577286
MA1729.2,ZNF680,0.2530586281527568
MA1624.2,Stat5a,0.25284720376721115
MA0853.2,Alx4,0.2527599073797843
MA1588.1,ZNF136,0.24944791836751048
MA1602.2,ZSCAN29,0.24879739214880658
MA0797.1,TGIF2,0.2479462112803301
MA2325.1,EPAS1,0.2477780232985292
MA0688.2,TBX2,0.24719739312336683
MA0867.3,SOX4,0.24715542089599643
MA1647.3,Prdm4,0.24641552886747634
MA1568.2,TCF21,0.24489356464236434
MA1581.2,ZBTB6,0.24105137989607048
MA1727.2,ZNF417,0.24077506261862872
MA0514.3,Sox3,0.23946680212622407
MA0143.5,SOX2,0.23924520347448894
MA1523.2,MSANTD3,0.2382274802617724
MA0101.1,REL,0.23803066113769136
MA0866.1,SOX21,0.2374300411824175
MA0796.1,TGIF1,0.23702683400281271
MA0841.2,NFE2,0.23596037187267582
MA1657.2,ZNF652,0.23580081858374952
MA0629.2,Rhox11,0.23460447984423152
MA0620.4,MITF,0.2332478493461351
MA1100.3,ASCL1,0.22742482714445084
MA1119.2,SIX2,0.22741286051620402
MA0772.2,IRF7,0.22287230850328935
MA1485.1,FERD3L,0.2220360808685805
MA1120.2,SOX13,0.22178495735467985
MA1556.1,RXRG,0.22177854131023755
MA1521.2,MAFA,0.22064159874987727
MA1121.2,TEAD2,0.21935207477858606
MA1943.2,ETV2::HOXB13,0.21934770312489738
MA0776.1,MYBL1,0.2190413880879461
MA1579.2,ZBTB26,0.2167975948486215
MA0111.1,Spz1,0.2163971334885636
MA0093.4,USF1,0.21522667733862433
MA2335.1,ZNF558,0.2146573887342245
MA0161.3,NFIC,0.21417871921638304
MA0809.3,TEAD4,0.21110184516696115
MA0090.4,TEAD1,0.20953528028495938
MA1555.1,RXRB,0.2081502558410221
MA1725.2,ZNF189,0.2081190342247685
MA1940.2,ETV2::DRGX,0.20789702609069308
MA1730.2,ZNF708,0.20769494054704218
MA0482.3,GATA4,0.2074703292765461
MA0861.2,TP73,0.20704930790084974
MA0517.2,STAT1::STAT2,0.2069773731382252
MA1106.2,HIF1A,0.20637839737807961
MA1937.2,ERF::HOXB13,0.2039771177401993
MA1632.2,ATF2,0.20112118909887491
MA1618.2,Ptf1A,0.201096717413847
MA1975.2,ZNF214,0.20065654952189824
MA1542.2,OSR1,0.1998356085640238
MA0508.4,PRDM1,0.19527217144635128
MA1593.2,ZNF317,0.19454457659656413
MA1571.1,TGIF2LX,0.1939249111526681
MA2001.2,Six4,0.1933285107615853
MA1998.2,Prdm14,0.19310329865379455
MA0665.1,MSC,0.1917379107774083
MA0808.1,TEAD3,0.19070801227409992
MA1655.2,ZNF341,0.19051472596354818
MA1118.2,SIX1,0.19017821140894148
MA1123.3,TWIST1,0.18887676701441777
MA2096.1,ZNF524,0.18845470782519483
MA1572.1,TGIF2LY,0.1864757985964943
MA0500.3,MYOG,0.1853762327633891
MA1520.2,MAF,0.18525839397253407
MA1720.2,ZNF85,0.18395092404244992
MA1108.3,MXI1,0.1830937119093555
MA0107.1,RELA,0.1827131243061766
MA1561.2,SOX12,0.18074567292650684
MA0607.2,BHLHA15,0.17979790880426658
MA1101.3,BACH2,0.17979289173871374
MA1538.1,NR2F1,0.1795207150116519
MA1570.1,TFAP4,0.17805456861839492
MA0651.3,HOXC11,0.17735475173876378
MA0698.2,ZBTB18,0.17375804708953704
MA1619.2,Ptf1A,0.17367161858007715
MA1539.1,NR2F6,0.1717394352973471
MA0907.2,HOXC13,0.17071942355954803
MA0691.1,TFAP4,0.16942030710380848
MA1552.2,RARB,0.16652856854906206
MA0478.2,FOSL2,0.1646697564563954
MA0869.3,Sox11,0.1628344710932914
MA1470.2,BACH2,0.1612479393497658
MA2101.1,ZNF677,0.16107850716393812
MA1472.3,Bhlha15,0.15869728294742036
MA0442.3,SOX10,0.15795833922748592
MA1608.2,Isl1,0.15750160340466204
MA0077.2,SOX9,0.1568197676799088
MA1420.1,IRF5,0.15658881034407088
MA0113.4,NR3C1,0.15569889825657313
MA1641.2,MYF5,0.15424885056619225
MA0727.2,NR3C2,0.15200810406028095
MA1530.2,NKX6-3,0.15171806624771333
MA1997.2,Olig2,0.14807264095003064
MA1638.2,HAND2,0.14788533503666176
MA1603.2,Dmrt1,0.14641274674007537
MA2327.1,PGR,0.1462309045306047
MA0633.3,Twist2,0.14520366307923852
MA0521.3,Tcf12,0.14515455461045576
MA1993.2,Neurod2,0.145024846439689
MA0838.1,CEBPG,0.14395910210103757
MA0832.2,Tcf21,0.14319529579304816
MA1635.2,BHLHE22,0.142903267340483
MA1124.1,ZNF24,0.14266704764084362
MA1468.1,ATOH7,0.14234386722988632
MA1153.2,Smad4,0.14209823386858966
MA0488.2,JUN,0.13899384749380947
MA1554.2,RFX7,0.13874728893531377
MA0667.1,MYF6,0.13858364481903065
MA1580.1,ZBTB32,0.13810641466405935
MA2324.1,BCL11A,0.13634601105261815
MA0771.1,HSF4,0.13441597952954484
MA0870.1,Sox1,0.13306394903854257
MA0609.3,CREM,0.13156044276445358
MA1623.2,Stat2,0.1293561948764155
MA1475.2,CREB3L4,0.12923840897848313
MA0770.1,HSF2,0.12484407221968105
MA1709.2,ZIM3,0.1222823611098188
MA0484.3,HNF4G,0.12055293386900899
MA0652.2,IRF8,0.11963173325235536
MA2334.1,ZNF547,0.1195152266030695
MA0818.2,BHLHE22,0.11943295987645955
MA1995.2,Npas4,0.11930379178000657
MA0604.1,Atf1,0.11882307604396888
MA0117.3,Mafb,0.11780495437076338
MA0492.2,JUND,0.11778225645789216
MA0114.5,HNF4A,0.11718693327028551
MA0678.1,OLIG2,0.115500491778928
MA0029.2,Mecom,0.1133436229758229
MA0656.2,JDP2,0.11292968016378177
MA0050.4,Irf1,0.11287770842989087
MA1140.3,JUNB,0.1122985664241539
MA1525.3,NFATC4,0.11227196480535392
MA0676.1,Nr2e1,0.11176621835153397
MA0466.4,CEBPB,0.11136342696813184
MA1126.2,FOS::JUN,0.11085468580711177
MA1553.2,RARG,0.11074696058799206
MA0653.1,IRF9,0.11009289430538463
MA0495.4,MAFF,0.11005463314759004
MA2323.1,Pgr,0.10967908403095404
MA0605.3,ATF3,0.1087807074894792
MA0827.1,OLIG3,0.10789820149213596
MA0837.3,CEBPE,0.10735635992927844
MA1147.2,NR4A2::RXRA,0.10734091877020198
MA1116.2,RBPJ,0.10714303342941799
MA0842.3,NRL,0.1058980156514258
MA1962.1,POU2F1::SOX2,0.10501621034902756
MA0479.2,FOXH1,0.10215419364773407
MA1419.2,IRF4,0.10150392987170102
MA1111.2,NR2F2,0.10111173275786263
MA0486.2,HSF1,0.10071506266147558
MA0100.4,MYB,0.09908894963704291
MA1549.2,POU6F1,0.09832489487386399
MA1133.2,JUN::JUNB,0.09718086543438285
MA1146.2,NR1H4::RXRA,0.09713724596725079
MA1152.2,SOX15,0.09560531826041514
MA1951.2,FOS,0.0948412564243125
MA2338.1,Ppara,0.0945819171586722
MA1145.2,FOSL2::JUND,0.09441324015857519
MA0724.1,VENTX,0.09308379744823014
MA1509.1,IRF6,0.09148458154364947
MA0840.2,Creb5,0.08844933670912584
MA0834.2,ATF7,0.08824106386678554
MA0102.5,CEBPA,0.08598498367332545
MA1557.1,SMAD5,0.08378475730888048
MA0793.2,POU6F2,0.08224694836760202
MA0826.1,OLIG1,0.08137053353618966
MA0914.2,ISL2,0.08100246703447535
MA0833.3,ATF4,0.07983141250672567
MA1136.1,FOSB::JUNB,0.07768272347347502
MA1127.1,FOSB::JUN,0.0738905860259587
MA0019.2,Ddit3::Cebpa,0.07170768371544896
MA1131.2,FOSL2::JUN,0.07050672724409081
MA0817.2,BHLHE23,0.06974972482289393
MA1129.1,FOSL1::JUN,0.06612820452239529
MA0606.3,Nfat5,0.06309277127067435
MA0594.3,HOXA9,0.06217493097925229
MA2337.1,Nr1h3,0.062012558008486214
MA0070.2,PBX1,0.06196010814908008
MA1636.2,CEBPG,0.05700060584066599
MA0523.2,TCF7L2,0.05646713295460063
MA1139.2,FOSL2::JUNB,0.05535920615307911
MA0906.2,HOXC12,0.05514143318365573
MA0461.3,Atoh1,0.05498663284777241
MA0769.3,TCF7,0.0533546092707264
MA1649.2,ZBTB12,0.05290058127076088
MA0018.5,CREB1,0.04680013106408312
MA1633.2,BACH1,0.046798265308122936
MA0623.2,NEUROG1,0.0415491017079003
MA0738.2,HIC2,0.03975803683565424
MA1143.2,FOSL1::JUND,0.03828848397175671
MA0037.5,Gata3,0.03817842059843648
MA0650.4,Hoxa13,0.037703657538313756
MA1536.2,NR2C2,0.0374061275222946
MA0142.1,Pou5f1::Sox2,0.037299763271122714
MA0683.2,POU4F2,0.036253946048888555
MA0795.1,SMAD3,0.03522686863493464
MA0873.2,HOXD12,0.03473411223356982
MA1535.2,NR2C1,0.032962461797130256
MA0615.2,Gmeb1,0.031167547403996243
MA0642.3,EN2,0.030989758794698927
MA1974.2,ZNF211,0.030543937170847336
MA0862.1,GMEB2,0.029079179631717182
MA1506.2,HOXD10,0.028563892510822426
MA0669.1,NEUROG2,0.027955197954633658
MA1534.2,NR1I3,0.02473079146748142
MA1562.2,SOX14,0.02422451982557363
MA1970.2,TRPS1,0.02060009649529128
MA1141.2,FOS::JUND,0.020485367350967756
MA1104.3,GATA6,0.01888754065183656
MA0775.2,MEIS3,0.018884338424352116
MA0897.2,Hmx2,0.01697275796677985
MA2339.1,Nanog,0.015660662318108372
MA0618.2,LBX1,0.013891540504434082
MA0671.2,NFIX,0.013609672532429607
MA0773.1,MEF2D,0.009455641031562906
MA0660.1,MEF2B,0.008066716843602962
MA0625.3,NFATC3,0.006840144118704304
MA0766.3,GATA5,0.0060804013300701405
MA0489.3,Jun,0.005414772856603416
MA1128.2,FOSL1::JUN,-0.0011167851691239526
MA0477.3,FOSL1,-0.003378049430184979
MA0655.1,JDP2,-0.005906563397112465
MA0835.3,BATF3,-0.00648026449951339
MA0036.4,GATA2,-0.006899208676324873
MA1971.2,ZBED2,-0.00801515127202692
MA0784.3,POU1F1,-0.012062871337536878
MA0877.4,BARHL1,-0.012280312091686837
MA0911.2,Hoxa11,-0.013360522294466135
MA0898.2,Hmx3,-0.013412372200689788
MA1471.2,BARX2,-0.013429245074781902
MA1479.2,DMRTC2,-0.014468745504382166
MA0896.2,Hmx1,-0.014973253543938405
MA0868.3,SOX8,-0.01531654637648094
MA0490.3,JUNB,-0.016481401312148994
MA1928.2,BNC2,-0.01692100049661586
MA0893.3,GSX2,-0.01730516069580127
MA0035.5,GATA1,-0.017755317624119027
MA0910.3,HOXD8,-0.018085310104330513
MA1563.2,SOX18,-0.018963248327445954
MA0491.3,JUND,-0.019974322003673585
MA1988.2,Atf3,-0.02080293781001857
MA0901.3,HOXB13,-0.020949813756693882
MA0497.2,MEF2C,-0.021409297365883612
MA0507.3,POU2F2,-0.022700133793648845
MA0462.3,BATF::JUN,-0.023327937981029154
MA2102.1,ZBTB17,-0.023640282962841024
MA0468.1,DUX4,-0.028609488444869834
MA1634.2,BATF,-0.02977385593379385
MA0756.3,ONECUT2,-0.030254806698426204
MA0787.1,POU3F2,-0.030807575219482016
MA1502.2,HOXB8,-0.03208156613519618
MA1503.2,HOXB9,-0.032469366655218726
MA0836.3,CEBPD,-0.04112221252053593
MA2336.1,ZSCAN21,-0.04265280752332655
MA0788.1,POU3F3,-0.04419270163823673
MA0786.2,POU3F1,-0.04448710344711451
MA1496.2,HOXA4,-0.045041649547547184
MA0485.3,HOXC9,-0.04517312722276924
MA1130.2,FOSL2::JUN,-0.04640482692445102
MA0701.3,LHX9,-0.046693968612157306
MA1132.2,JUN::JUNB,-0.046713992240674705
MA0052.5,MEF2A,-0.0491241811808132
MA0905.2,HOXC10,-0.05185501494984058
MA0099.4,FOS::JUN,-0.05247331028648
MA1500.2,HOXB6,-0.05502286470251071
MA1547.2,PITX2,-0.05594525946193599
MA0889.2,GBX1,-0.05790537784718219
MA0627.3,POU2F3,-0.05909938011034143
MA0670.2,NFIA,-0.06052275326688019
MA1110.3,Nr1H4,-0.060994165909642156
MA1134.2,FOS::JUNB,-0.06129828276025475
MA1996.2,Nr1H2,-0.06183067514079531
MA0593.2,FOXP2,-0.06396147418774133
MA0754.3,CUX1,-0.06594538191776604
MA0755.2,CUX2,-0.06697280539987155
MA1144.2,FOSL2::JUND,-0.0717875754352392
MA0885.3,Dlx2,-0.07549422386238959
MA1476.3,Dlx5,-0.07741895299821844
MA0712.3,OTX2,-0.0778966254557324
MA0908.2,HOXD11,-0.08055102739795911
MA0476.2,FOS,-0.08173844632375868
MA1135.2,FOSB::JUNB,-0.08528934468819939
MA1137.2,FOSL1::JUNB,-0.08700541264482958
MA0467.3,Crx,-0.08777267641390996
MA0635.2,BARHL2,-0.08800489970110616
MA0158.2,HOXA5,-0.08890592740340887
MA0875.2,BARX1,-0.08950342582672646
MA1138.2,FOSL2::JUNB,-0.09161425146749166
MA0710.2,NOTO,-0.09281345446621835
MA1498.3,HOXA7,-0.0933327882423881
MA1480.2,DPRX,-0.09489301034885517
MA0682.3,PITX1,-0.09564460204561501
MA0624.3,Nfatc1,-0.09715438887604542
MA0843.2,TEF,-0.10003920356835166
MA0644.3,ESX1,-0.10173487351783218
MA0850.1,FOXP3,-0.1039262811031758
MA0693.4,Vdr,-0.10546318609571709
MA2119.1,HOXA3,-0.10608899192350235
MA1504.2,HOXC4,-0.10690502397059348
MA0719.2,RHOXF1,-0.10925794461409419
MA1639.2,MEIS1,-0.11001263047747986
MA0465.3,CDX2,-0.11167868695020675
MA2098.1,ZNF766,-0.11199760307070462
MA0680.3,Pax7,-0.11508197804596382
MA0075.4,PRRX2,-0.11567106414950928
MA0757.2,ONECUT3,-0.12203766436328371
MA0876.2,BSX,-0.12261170667755704
MA1707.2,DMRTA1,-0.12446164100522951
MA0043.4,HLF,-0.12481025446446968
MA1497.2,HOXA6,-0.12485473737005329
MA1507.2,HOXD4,-0.12538401504106658
MA0780.1,PAX3,-0.1256001541928446
MA0661.2,MEOX1,-0.1272787979670172
MA0700.3,LHX2,-0.1279945528535627
MA1473.2,CDX4,-0.12846656968316217
MA1499.2,HOXB4,-0.12934129243426132
MA0714.2,PITX3,-0.1308770758320327
MA0711.2,OTX1,-0.1317835067094496
MA0713.1,PHOX2A,-0.13444322602802036
MA0648.2,GSC,-0.13478009266606528
MA1142.2,FOSL1::JUND,-0.13614523415631105
MA0025.3,NFIL3,-0.13886629821394905
MA0726.2,VSX2,-0.1407459388581615
MA1489.1,FOXN3,-0.14121975762272057
MA1125.2,ZNF384,-0.14130090956551922
MA0878.3,CDX1,-0.14141050896776491
MA0912.2,HOXD3,-0.14253201778603036
MA0480.3,Foxo1,-0.14286584760566803
MA0879.3,DLX1,-0.14381567721270402
MA0679.3,ONECUT1,-0.14489937974160355
MA2333.1,ZNF35,-0.14702645205030243
MA0785.2,POU2F1,-0.14910379438679558
MA0891.2,GSC2,-0.14913586741252324
MA0789.1,POU3F4,-0.15086834170437952
MA0614.1,Foxj2,-0.15161760178412473
MA0874.2,Arx,-0.15299666394187172
MA2118.1,FOXS1,-0.1564106723290865
MA0913.3,HOXD9,-0.1590632887781162
MA0639.2,DBP,-0.15944509881552274
MA0852.3,FOXK1,-0.15991542921078203
MA0847.4,FOXD2,-0.16016835014750588
MA1487.3,FOXE1,-0.16113198408261623
MA0157.4,Foxo3,-0.16138764811221915
MA0031.2,FOXD1,-0.16210952283883642
MA2093.1,HOXB1,-0.16241732020659147
MA0706.2,MEOX2,-0.16325227920686153
MA0902.3,HOXB2,-0.16447715389420375
MA1519.2,LHX5,-0.16476338448357003
MA0030.2,FOXF2,-0.16477502426702367
MA0148.5,FOXA1,-0.16577680189855395
MA0040.2,Foxq1,-0.16596110340858597
MA0725.2,VSX1,-0.16640173553492282
MA1607.2,Foxl2,-0.16772205803638196
MA0042.2,FOXI1,-0.16862509886740687
MA1463.2,ARGFX,-0.1692857472807278
MA1518.3,Lhx1,-0.16968320116045
MA0792.1,POU5F1B,-0.1699317788983095
MA0849.1,FOXO6,-0.1724168190423252
MA2117.1,FOXP4,-0.17294955451494365
MA0164.2,Nr2e3,-0.17353091522870823
MA0845.1,FOXB1,-0.1739306693633608
MA0903.2,HOXB3,-0.17416805291022947
MA1103.3,FOXK2,-0.1746129674169751
MA0708.3,MSX2,-0.1753453932796848
MA0610.2,DMRT3,-0.17652692453618893
MA0675.2,NKX6-2,-0.17709918145768372
MA1683.2,FOXA3,-0.17765485414323026
MA0674.2,NKX6-1,-0.1793574757568671
MA0047.4,FOXA2,-0.17964217160344442
MA0851.2,Foxj3,-0.18043639179952514
MA0613.1,FOXG1,-0.18116500601472402
MA0846.2,FOXC2,-0.1812038676713785
MA1963.2,SATB1,-0.1813145320564817
MA0481.4,FOXP1,-0.18364695775481346
MA0125.2,Nobox,-0.18408913210687147
MA0848.1,FOXO4,-0.18415970293904557
MA0611.3,Dux,-0.18424909826962493
MA0041.3,FOXD3,-0.18464867447619804
MA0909.4,Hoxd13,-0.18499319003301976
MA0666.3,MSX1,-0.1882202131912557
MA0881.2,Dlx4,-0.18918146877687897
MA0709.2,Msx3,-0.1898916917714138
MA0032.2,FOXC1,-0.19034428571291062
MA0658.2,LHX6,-0.19282908391432255
MA0722.2,VAX1,-0.19374757594575792
MA0068.2,PAX4,-0.1962682412349801
MA0880.2,Dlx3,-0.1964161297821745
MA0699.2,LBX2,-0.1966004556925568
MA0132.3,PDX1,-0.19703126950701189
MA1115.2,POU5F1,-0.20054533040107925
MA1606.2,Foxf1,-0.20233783246914422
MA0723.3,VAX2,-0.20282041711411578
MA1505.2,HOXC8,-0.20372464155641393
MA0899.2,HOXA10,-0.20485903172811665
MA0892.2,GSX1,-0.20520625688431934
MA0882.2,DLX6,-0.20606761315983516
MA0681.3,PHOX2B,-0.20776564484415455
MA1478.2,DMRTA2,-0.21294897349371886
MA0790.2,POU4F1,-0.2138365184523966
MA0791.2,POU4F3,-0.21551489457424086
MA0033.2,FOXL1,-0.21613421928626703
MA2124.1,Hmga1,-0.2162849488124784
MA1501.2,HOXB7,-0.21636146331514164
MA0890.2,GBX2,-0.22515660519818584
MA0602.2,Arid5a,-0.23095554135021204
MA0717.2,RAX2,-0.23177916759044417
MA0707.3,MNX1,-0.23242528558747996
MA0084.2,SRY,-0.2342452261809693
MA0895.2,HMBOX1,-0.23502034568297855
MA0884.2,DUXA,-0.23739494197498764
MA0894.2,HESX1,-0.23926661083625403
MA0854.2,Alx1,-0.23947664289699672
MA0654.2,ISX,-0.24187852733144907
MA0630.2,SHOX,-0.24420241057230424
MA0904.3,HOXB5,-0.24426635995312246
MA0027.3,EN1,-0.24553147666195665
MA1495.2,HOXA1,-0.24814650649216144
MA0046.3,HNF1A,-0.2493340834619386
MA0720.2,Shox2,-0.2495528582243508
MA0153.2,HNF1B,-0.2543102416366987
MA0662.2,MIXL1,-0.25623431901699145
MA0888.2,EVX2,-0.25795300323382186
MA0721.2,UNCX,-0.2611800228791693
MA0718.2,RAX,-0.26127262771266796
MA0705.2,Lhx8,-0.26188229093581683
MA0716.2,PRRX1,-0.2624311433228416
MA1113.3,PBX2,-0.26322207280092513
MA0900.3,HOXA2,-0.2640629026649794
MA0887.2,EVX1,-0.2666633943208794
MA0634.2,ALX3,-0.2668136068868024
MA0715.1,PROP1,-0.26841928857333264
MA1640.2,MEIS2,-0.2686556385842214
MA1577.2,TLX2,-0.2742961195872346
MA0704.2,Lhx4,-0.2796195581915094
MA1481.2,DRGX,-0.2807859477398435
MA0702.3,LMX1A,-0.28169125739957873
MA0612.3,EMX1,-0.28270665365578057
MA0886.2,EMX2,-0.29453151455821247
MA0108.3,TBP,-0.29856139697713396
MA0703.3,LMX1B,-0.31639666471409644
MA0135.2,Lhx3,-0.32710369656777594
MA0621.2,mix-a,-0.32775291327515593
MA0628.2,POU6F1,-0.3508242217818673
MA0619.2,LIN54,-0.3518521914096512
MA0151.1,Arid3a,-0.36213813036008136
MA0601.2,Arid3b,-0.391323727171128
